code_site,nom_station_officiel,latitude_pollution,longitude_pollution,station_meteo,distance_km
FR19012,Brest Mace,48.38618,-4.4866,BREST-GUIPAVAS,10.3
FR34051,Chateauroux Sud,46.79828,1.693139,CHATEAUROUX  DEOLS,8.75
FR12047,Bessières-ECONOTRE,43.80314,1.595475,TOULOUSE-BLAGNAC,26.71
FR16034,Strasbourg Clemenceau,48.59043,7.744983,STRASBOURG-ENTZHEIM,8.94
FR30026,Luneville,48.584824,6.4839,NANCY-ESSEY,22.43
FR12031,Belesta en Lauragais,43.44139,1.821944,TOULOUSE-BLAGNAC,40.93
FR18055,Creil République,49.26034,2.475004,ROISSY,27.6
FR82512,Besancon rue Vesoul,47.253292,6.016094,BESANCON,2.11
FR35012,LA NOUAILLE - MERA,45.80509,2.062333,GUERET-ST LAURENT,42.09
FR31019,ABOS,43.359722,-0.566944,PAU-UZEIN,12.49
FR07013,Montlucon Chateau,46.34,2.605,GUERET-ST LAURENT,53.55
FR05082,Touques,49.348,0.109253,ST GATIEN DES B,4.57
FR04037,PARIS 13eme,48.82861,2.360278,PARIS-MONTSOURIS,1.82
FR07017,Aurillac Mairie,44.93133,2.445168,AURILLAC,4.88
FR07004,Montferrand,45.79728,3.113833,CLERMONT-FD,2.99
FR20067,Lyon 8ème,45.72827,4.875669,LYON-BRON,5.76
FR09106,ANGOULEME-GAMBETTA,45.651463,0.162391,COGNAC,37.2
FR09206,La Rochelle Trafic,46.158,-1.155999,LA ROCHELLE-ILE DE RE,3.62
FR38003,CAMBAIE,-20.962784,55.296207,GILLOT-AEROPORT,25.39
FR09402,Avenue de Libération,46.570004,0.323575,POITIERS-BIARD,2.74
FR01006,Florange,49.32083,6.14,AEROPORT METZ-NANCY-LORRAINE,38.71
FR38005,CIRFIM,-20.931833,55.30593,GILLOT-AEROPORT,23.55
FR04118,Place de l'Opéra,48.870274,2.3325,PARIS-MONTSOURIS,5.42
FR37002,ST de Pointe à Pitre,16.238056,-61.53754,LE RAIZET AERO,3.67
FR39009,Lamentin,14.610653,-61.002586,LAMENTIN-AERO,1.86
FR37040,ABYMES RN1,16.254086,-61.53713,LE RAIZET AERO,2.48
FR30023,St-Nicolas,48.63334,6.304828,NANCY-ESSEY,8.61
FR38001,LYC. LISLET GEOFFROY,-20.889893,55.46884,GILLOT-AEROPORT,6.22
FR06011,Denain Villars,50.32276,3.39593,LILLE-LESQUIN,34.67
FR14201,Bourgogne,49.34915,4.069595,REIMS-PRUNAY,16.69
FR06023,Escautpont,50.420288,3.551811,LILLE-LESQUIN,36.19
FR25501,Saint-Saens,49.6713,1.2843,DIEPPE,32.25
FR15013,Champ sur Drac,45.07954,5.728653,GRENOBLE-ST GEOIRS,45.37
FR31024,MOURENX,43.377193,-0.610278,PAU-UZEIN,15.7
FR23153,BONNE FONTAINE,47.331524,-2.151625,ST NAZAIRE-MONTOIR,1.98
FR39017,Bellevue,14.601469,-61.08533,LAMENTIN-AERO,9.67
FR25039,Evreux Centre,49.02134,1.148319,EVREUX-HUEST,5.36
FR02003,Chateauneuf,43.386814,5.16006,MARIGNANE,6.96
FR04031,Av Champs Elysees,48.86877,2.311231,PARIS-MONTSOURIS,5.59
FR27008,A7 Nord-Isère,45.35327,4.804847,GRENOBLE-ST GEOIRS,39.75
FR34062,Blois centre,47.584305,1.332694,BLOIS,13.82
FR07028,Les Ancizes,45.929333,2.829806,CLERMONT-FD,29.38
FR29423,ROANNE,46.04111,4.074656,ST YAN,41.08
FR38022,Chaussée Royale,-20.998577,55.28062,GILLOT-AEROPORT,28.35
FR04034,VITRY-SUR-SEINE,48.775898,2.375788,PARIS-MONTSOURIS,5.8
FR20017,GERLAND,45.73529,4.829794,LYON-BRON,9.39
FR07054,Le Puy-Causans,45.039,3.887001,LE PUY-LOUDES,10.44
FR07031,Rageade,45.10472,3.277361,LE PUY-LOUDES,38.35
FR19081,StMalo Courtoisville,48.65473,-1.99614,DINARD,9.75
FR39109,Office du tourisme,14.671083,-61.16336,LAMENTIN-AERO,19.91
FR18040,Hirson,49.920666,4.090556,CHARLEVILLE-MEZ,42.48
FR29441,ST ETIENNE BD URBAIN,45.44798,4.388764,ST ETIENNE-BOUTHEON,13.14
FR04328,Zone Rurale SE,48.3547,2.6453,MELUN,28.54
FR35006,TULLE - Hugo,45.262665,1.762752,BRIVE,26.09
FR07202,Stade Leclanche,45.807487,3.111111,CLERMONT-FD,3.75
FR23175,CLOS DES BEAUVAIS,47.43012,-0.610006,BEAUCOUZE,5.44
FR02004,Martigues P. Central,43.41666,5.042731,MARIGNANE,13.82
FR05069,Tancarville Mairie,49.487682,0.451756,ST GATIEN DES B,24.73
FR40006,Kourou Gaston Monnerville Brady,5.164248,-52.64649,CAYENNE-MATOURY,49.15
FR29428,ST ETIENNE ROND PT,45.422077,4.412831,ST ETIENNE-BOUTHEON,16.58
FR12044,Toulouse - Aéroport Blagnac côté trafic,43.633476,1.375717,TOULOUSE-BLAGNAC,1.41
FR08026,MEZE TRAFIC,43.4282,3.60356,SETE,7.94
FR09405,JULIEN LARS,46.55874,0.506875,POITIERS-BIARD,15.23
FR12009,Toulouse rue de Pargaminières,43.604507,1.439778,TOULOUSE-BLAGNAC,5.24
FR19031,Vannes Roscanvec,47.65704,-2.75826,LORIENT-LANN BIHOUE,52.03
FR23078,SAINT EXUPERY,47.05583,-0.883576,BEAUCOUZE,51.25
FR18036,Beaumont Beauvais,49.43889,2.094444,BEAUVAIS-TILLE,2.51
FR41073,AJACCIO NAPOLEON,41.929966,8.739364,AJACCIO,4.61
FR08614,Nimes Gauzy,43.8344,4.3744,NIMES-COURBESSAC,3.57
FR30034,Nancy-Charles III,48.68817,6.190431,NANCY-ESSEY,2.28
FR08030,Montpellier Pompignane,43.6096,3.89878,MONTPELLIER-AEROPORT,6.48
FR21001,Caen Chemin-Vert,49.19222,-0.391111,CAEN-CARPIQUET,4.92
FR20062,LYON Centre,45.757732,4.854214,LYON-BRON,8.41
FR82002,Besancon Victor Hugo,47.234905,6.029472,BESANCON,3.45
FR14013,VENISE,49.2477,4.034142,REIMS-PRUNAY,9.76
FR20037,TERNAY,45.6019,4.8022,LYON-BRON,17.52
FR20070,LYON TRAFIC JAURES,45.749695,4.844389,LYON-BRON,8.72
FR03014,MARSEILLE ST LOUIS,43.34805,5.360119,MARIGNANE,15.33
FR31033,PERIGUEUX,45.189823,0.727184,BERGERAC,43.82
FR34041,Fulbert,48.444416,1.510139,CHARTRES,1.91
FR04048,Zone Rurale Nord,49.100277,2.343889,LE BOURGET,15.99
FR12012,Toulouse Faure STCM,43.635918,1.43175,TOULOUSE-BLAGNAC,4.57
FR03070,ESTEREL,43.437874,6.76839,CANNES,19.74
FR21101,Caen Montalivet,49.179832,-0.32975,CAEN-CARPIQUET,9.19
FR27003,ROCHES DE CONDRIEU,45.454517,4.766528,LYON-BRON,32.9
FR35010,LIMOGES - Aine,45.829975,1.254772,LIMOGES-BELLEGARDE,7.09
FR08004,Montpellier St Denis,43.6051,3.87464,MONTPELLIER-AEROPORT,7.93
FR19037,Lorient Normandie,47.758945,-3.36938,LORIENT-LANN BIHOUE,4.97
FR24036,NICE ARSON,43.702076,7.286256,NICE,8.58
FR31020,LACQ,43.41123,-0.617728,PAU-UZEIN,16.53
FR05502,Quillebeuf sur Seine rue Féret,49.4675,0.531,ST GATIEN DES B,28.71
FR12029,Gaudonville,43.883934,0.845617,AUCH,29.24
FR14854,Vouziers,49.396194,4.702,CHARLEVILLE-MEZ,43.2
FR05081,La Cerlangue,49.504036,0.411594,OCTEVILLE,23.32
FR19091,Fougeres DSTE,48.347504,-1.20162,LAVAL-ETRONNIER,48.78
FR19502,Rennes Place Bretagne,48.1094,-1.68451,RENNES-ST JACQUES,5.82
FR38023,BD BANKS,-21.331703,55.47895,GILLOT-AEROPORT,49.15
FR24009,CANNES BROUSSAILLES,43.558388,7.005919,CANNES,4.47
FR39007,Bishop,14.601889,-61.05759,LAMENTIN-AERO,6.7
FR05100,Le Havre Lafaurie-descendant,49.4994,0.108361,OCTEVILLE,3.93
FR34102,Bazoches,48.16083,2.043611,ORLEANS,27.33
FR04143,PARIS Centre,48.859,2.351,PARIS-MONTSOURIS,4.26
FR24035,NICE PROMENADE,43.68929,7.242074,NICE,5.23
FR03032,AUBAGNE LES PASSONS,43.293137,5.574184,MARIGNANE,33.12
FR23070,S ETIENNE DE MONTLUC,47.283127,-1.783082,NANTES-BOUGUENAIS,19.81
FR38009,Ecole La Marine,-20.910585,55.618977,GILLOT-AEROPORT,9.6
FR23069,SAVENAY,47.36021,-1.953593,ST NAZAIRE-MONTOIR,15.99
FR04123,RN2-PANTIN,48.90222,2.390833,LE BOURGET,7.72
FR04105,BAGNOLET,48.8728,2.4219,PARIS-MONTSOURIS,8.38
FR38012,Station Bonsenf,-21.342915,55.471928,GILLOT-AEROPORT,50.47
FR01059,HAYANGE-MARSPICH,49.3374,6.08207,AEROPORT METZ-NANCY-LORRAINE,41.5
FR02013,Fos Les Carabins,43.458927,4.934572,ISTRES,7.11
FR34065,Montargis Fond,47.996994,2.731511,AUXERRE-PERRIGNY,63.92
FR01018,Scy-Chazelles,49.107502,6.122775,AEROPORT METZ-NANCY-LORRAINE,16.74
FR82011,Montbéliard Coteau J,47.50114,6.786083,DORANS,10.77
FR37038,SXM Marigot,18.070114,-63.081482,ST-BARTHELEMY METEO,30.65
FR20029,FEYZIN STADE,45.6639,4.8459,LYON-BRON,10.25
FR02036,Martigues Pati,43.398804,5.072803,MARIGNANE,11.98
FR23188,CIM BOUTEILLERIE,47.222187,-1.537432,NANTES-BOUGUENAIS,9.67
FR12016,Saint Gaudens Daurat,43.106155,0.71955,ST GIRONS,33.4
FR21501,Mondeville Calmette,49.178303,-0.31905,CAEN-CARPIQUET,9.97
FR33114,St Julien trafic,45.25199,6.397194,VILLAR ST PANCRACE,45.52
FR02037,Port de Bouc EDF,43.413944,4.985996,ISTRES,12.98
FR07045,Issoire Ecole Centre,45.54542,3.248247,CLERMONT-FD,27.92
FR36003,Valence Trafic,44.94894,4.88975,MONTELIMAR,42.73
FR06133,Cartignies,50.09225,3.85003,ST QUENTIN,55.23
FR04018,AUBERVILLIERS,48.9039,2.3847,LE BOURGET,7.72
FR09033,Rivedoux plage,46.157883,-1.267922,LA ROCHELLE-ILE DE RE,6.18
FR25051,Dieppe prox-auto,49.918007,1.073972,DIEPPE,2.01
FR05079,Montivilliers,49.545414,0.185369,OCTEVILLE,6.9
FR16302,Donon Vosges Moyennes 2,48.492992,7.1298,STRASBOURG-ENTZHEIM,38.12
FR04184,BAGNEAUX-SUR-LOING,48.231476,2.7061777,MELUN,42.17
FR02011,Fos sur Mer,43.43786,4.945116,ISTRES,9.54
FR34026,Tours péri-urbaine,47.46925,0.717333,TOURS,2.85
FR19052,Quimper Pommiers,47.99612,-4.09972,QUIMPER,5.21
FR09103,Square Pablo Casals,45.647427,0.167162,COGNAC,37.59
FR31002,TALENCE,44.80046,-0.589398,BORDEAUX-MERIGNAC,8.71
FR04008,CACHAN,48.799442,2.330556,PARIS-MONTSOURIS,2.53
FR25043,Centre Hospitalier,49.4005,1.099042,ROUEN-BOOS,5.87
FR14010,BETHENY,49.28222,4.051111,REIMS-PRUNAY,11.05
FR08025,Haut-Languedoc,43.5944,2.80296,BEZIERS-VIAS,53.72
FR03086,APT,43.88012,5.362038,CARPENTRAS,33.21
FR30036,Nancy-Libération,48.69708,6.154194,NANCY-ESSEY,5.05
FR06006,Valenciennes Wallon,50.36425,3.52273,LILLE-LESQUIN,37.81
FR04150,LA DEFENSE,48.891388,2.240556,PARIS-MONTSOURIS,10.52
FR43001,Kawéni Village,-12.772944,45.223206,PAMANDZI,7.41
FR33213,ANNEMASSE TRAFIC,46.19081,6.235536,MEYTHET,31.18
FR38017,Grand Coude,-21.29433,55.62793,GILLOT-AEROPORT,45.89
FR33120,CHAMONIX,45.9225,6.87,BOURG ST MAURICE,35.43
FR07012,Le Puy Centre,45.045002,3.883001,LE PUY-LOUDES,9.91
FR24017,ST AUBAN,44.08325,6.002581,ST AUBAN,2.56
FR10017,St Pol mer - cheminots,51.03276,2.332358,DUNKERQUE,2.61
FR23152,DELACROIX,46.66065,-1.43686,LA ROCHE SUR YON,6.48
FR82005,Montfaucon,47.23461,6.076472,BESANCON,6.81
FR30020,Bar Le Duc,48.77586,5.162789,ST-DIZIER,24.9
FR41017,BASTIA MONTESORO,42.671333,9.434639,BASTIA,15.11
FR28115,Lens Varsovie,50.428604,2.836111,LILLE-LESQUIN,24.27
FR18035,Salouel,49.86889,2.239806,MEAULTE,35.14
FR06134,Saint Amand,50.45647,3.42794,LILLE-LESQUIN,26.56
FR18045,Roye,49.696697,2.801139,MEAULTE,31.38
FR10012,Mardyck,51.01943,2.25099,DUNKERQUE,7.39
FR09303,Niort Venise,46.320026,-0.482861,NIORT,6.37
FR26005,Dijon Péjoces,47.30737,5.065881,DIJON-LONGVIC,4.71
FR12053,Castres stadeTravet,43.610497,2.23015,ALBI,35.04
FR12042,Lourdes Lapaca,43.09625,-0.040497,TARBES-LOURDES-PYRENEES,10.72
FR12041,Montgiscard SICOVAL,43.457306,1.571469,TOULOUSE-BLAGNAC,23.93
FR14028,Rempart Perrier,49.0461,3.955911,REIMS-PRUNAY,23.28
FR03087,Avignon Semard,43.93706,4.824909,AVIGNON,6.84
FR50225,Montpellier Liberté,43.611607,3.827868,MONTPELLIER-AEROPORT,11.7
FR20045,GENAS,45.7317,4.9803,LYON-BRON,2.68
FR23163,Fillé,47.921925,0.151895,LE MANS,4.12
FR23235,HAUTES BRIVES,48.31929,-0.60185,LAVAL-ETRONNIER,33.84
FR34057,Issoudun Trafic ZR,46.94294,2.003258,CHATEAUROUX  DEOLS,21.52
FR38008,Ecole JOINVILLE,-20.884575,55.453907,GILLOT-AEROPORT,7.81
FR11114,Wattignies,50.59774,3.04946,LILLE-LESQUIN,4.58
FR09403,Poitiers-Le Nain,46.591232,0.34039,POITIERS-BIARD,2.01
FR08023,Biterrois-Narbonnais,43.4068,3.18878,BEZIERS-VIAS,16.26
FR20013,A7 SUD LYONNAIS,45.720024,4.818156,LYON-BRON,10.17
FR82050,Lons-le-Saunier CV,46.67132,5.55662,TAVAUX SA,42.57
FR14202,Châlons Prieur,48.9559,4.365281,VATRY-AERO,24.7
FR01064,Metz- Pont Grilles,49.12508,6.181219,AEROPORT METZ-NANCY-LORRAINE,16.82
FR19039,Rennes Thabor,48.11521,-1.673088,RENNES-ST JACQUES,6.86
FR05085,Lillebonne,49.512146,0.539036,ST GATIEN DES B,31.51
FR30021,Fléville,48.621502,6.194922,NANCY-ESSEY,7.63
FR26017,Nevers,46.996826,3.171092,NEVERS-MARZY,4.3
FR31005,BORDEAUX-GAMBETTA,44.84139,-0.579722,BORDEAUX-MERIGNAC,8.88
FR24013,ADRECHAS,44.073345,7.225241,NICE,47.22
FR21500,Caen délivrande,49.18888,-0.35946,CAEN-CARPIQUET,7.1
FR08713,Perpignan Rigaud,42.6835,2.90351,PERPIGNAN,6.47
FR19082,StMalo Rocabey,48.65306,-2.00268,DINARD,9.32
FR10025,Sangatte,50.94989,1.76917,BOULOGNE-SEM,26.94
FR18019,Nogent sur Oise,49.276386,2.482167,ROISSY,29.29
FR23003,LA MEGRETAIS,47.322704,-2.039243,ST NAZAIRE-MONTOIR,8.74
FR08209,Saze Gard Rhodanien2,43.9426,4.67958,AVIGNON,18.19
FR07048,Villeneuve sur Allier,46.659046,3.249247,NEVERS-MARZY,39.13
FR06009,Cambrai Gambetta,50.17249,3.23606,ST QUENTIN,39.44
FR24006,ANTIBES GUYNEMER,43.580894,7.12222,NICE,10.29
FR04063,MANTES-LA-JOLIE,48.9964,1.7033,PONTOISE - AERO,25.85
FR23092,JARDIN PREFECTURE,48.001293,0.20095,LE MANS,6.19
FR42008,La Bresse Centre,48.007454,6.87752,COLMAR-MEYENHEIM,40.43
FR07052,Aurillac-Lagarde,44.92008,2.441082,AURILLAC,3.62
FR31036,DAX,43.704643,-1.038557,DAX,3.02
FR28028,Bethune Stade,50.535385,2.635692,LILLE-LESQUIN,32.85
FR22019,SCHOENECK (19),49.220364,6.925833,AEROPORT METZ-NANCY-LORRAINE,56.47
FR24038,GAP JEAN JAURES,44.54865,6.067237,EMBRUN,35.06
FR14042,St DIZIER L. Michel,48.645836,4.966111,ST-DIZIER,4.86
FR03027,PLAN AUPS/STE  BAUME,43.3352,5.727365,HYERES,42.86
FR15031,Le Casset2,44.997,6.4694,VILLAR ST PANCRACE,18.69
FR07023,Besse et St Anastais,45.51039,2.930361,CLERMONT-FD,35.14
FR21031,Alençon Météo-France,48.445553,0.110833,ALENCON,0.05
FR12056,MILLAU,44.10618,3.072178,MILLAU,4.42
FR21039,Cherbourg PMF,49.63389,-1.6247222,GONNEVILLE,11.79
FR04004,PARIS 18eme,48.891666,2.346667,PARIS-MONTSOURIS,7.81
FR14059,Métal Blanc,49.88921,4.535761,CHARLEVILLE-MEZ,14.12
FR33201,LOVERCHY,45.89528,6.118333,MEYTHET,4.11
FR19051,Quimper Ferry,47.998158,-4.104136,QUIMPER,5.05
FR02034,Martigues Ventrons,43.37571,5.064025,MARIGNANE,13.73
FR39011,Reneville,14.614111,-61.05308,LAMENTIN-AERO,6.52
FR36001,Valence Périurb. Sud,44.870243,4.876289,MONTELIMAR,34.08
FR24021,PEILLON,43.786583,7.373283,NICE,20.22
FR07016,Montlucon Hippodrome,46.324,2.601,GUERET-ST LAURENT,52.69
FR02043,Marignane,43.41653,5.222281,MARIGNANE,2.4
FR07029,Sembadel,45.274727,3.687917,LE PUY-LOUDES,23.05
FR28027,Evin Stade,50.43464,3.02964,LILLE-LESQUIN,15.8
FR11027,Tourcoing Centre,50.7242,3.15906,LILLE-LESQUIN,17.69
FR41002,BASTIA GIRAUD,42.697918,9.446417,BASTIA,17.77
FR09107,PGOG_4_00,45.68695,-0.323869,COGNAC,2.52
FR03045,MARSEILLE MARGUERITE,43.26022,5.411003,MARIGNANE,25.26
FR31021,LABASTIDE CEZERACQ,43.376278,-0.538206,PAU-UZEIN,9.9
FR36002,Valence Urb. Centre,44.933514,4.893481,MONTELIMAR,41.18
FR14012,Jean d Aulan,49.224167,4.020556,REIMS-PRUNAY,9.92
FR04146,IVRY-SUR-SEINE,48.8175,2.395,PARIS-MONTSOURIS,4.21
FR18039,Arrest,50.129448,1.610833,ABBEVILLE,15.92
FR24015,GRASSE CLAVECIN,43.65777,6.920878,CANNES,11.51
FR01015,Blénod-lès-PAM,48.884724,6.051392,AEROPORT METZ-NANCY-LORRAINE,17.52
FR15001,Charavines,45.4276,5.5178,GRENOBLE-ST GEOIRS,17.46
FR01009,Gandrange,49.271393,6.1325,AEROPORT METZ-NANCY-LORRAINE,33.46
FR08618,Alès Cévennes,44.1424,4.13832,NIMES-COURBESSAC,38.31
FR41020,BASTIA SAINT NICOLAS,42.700085,9.451722,BASTIA,17.94
FR04160,PARIS 6eme,48.84889,2.335833,PARIS-MONTSOURIS,3.03
FR03091,Avignon Rocade De Gaulle,43.9314,4.826875,AVIGNON,6.45
FR09404,Poitiers Centre  Augouard,46.584,0.345582,POITIERS-BIARD,2.63
FR04066,Zone rurale Sud,48.364166,2.236944,ORLY,41.07
FR15038,St Martin d'Heres,45.1828,5.7531,GRENOBLE-ST GEOIRS,39.88
FR33212,GAILLARD,46.19364,6.214534,MEYTHET,30.95
FR31017,ANGLET,43.49404,-1.528753,BIARRITZ-PAYS-BASQUE,2.78
FR29426,SAINT-CHAMOND,45.475327,4.515003,ST ETIENNE-BOUTHEON,18.93
FR14857,Bourg-Fidele_Mairie,49.89096,4.53977,CHARLEVILLE-MEZ,14.13
FR26002,Station TARNIER,47.304665,5.02008,DIJON-LONGVIC,6.58
FR16516,Thann 4,47.814,7.10456,COLMAR-MEYENHEIM,25.96
FR31030,LEOGNAN,44.7225,-0.576111,BORDEAUX-MERIGNAC,15.08
FR29440,COL_OEILLON,45.38958,4.615817,ST ETIENNE-BOUTHEON,30.52
FR29424,SAINT ETIENNE SUD,45.42009,4.395422,ST ETIENNE-BOUTHEON,16.05
FR14851,HAP Givet,50.13585,4.836361,CHARLEVILLE-MEZ,41.62
FR23123,MAZAGRAN,48.069298,-0.768129,LAVAL-ETRONNIER,4.59
FR16057,Mulhouse Nord,47.757435,7.347294,COLMAR-MEYENHEIM,19.57
FR40012,Soula,4.927337,-52.41119,CAYENNE-MATOURY,12.73
FR02029,Chateauneuf La Mede,43.399548,5.113214,MARIGNANE,8.96
FR05054,Le Havre Les Neiges,49.481087,0.165289,OCTEVILLE,7.85
FR09205,La Rochelle GARE,46.15372,-1.145611,LA ROCHELLE-ILE DE RE,4.55
FR14033,STE SAVINE,48.295002,4.050278,TROYES-BARBEREY,3.99
FR07059,Vichy,46.130432,3.425694,VICHY-CHARMEIL,4.54
FR38011,Station Luther King,-21.334406,55.45906,GILLOT-AEROPORT,49.7
FR20077,Villefranche Centre,45.990112,4.715566,MACON,34.39
FR12026,Albi Delmas,43.92777,2.145897,ALBI,2.78
FR16065,Mulhouse Est,47.723106,7.341603,BALE-MULHOUSE,17.47
FR36032,A7 Valence Est,44.9492,4.890133,MONTELIMAR,42.76
FR30019,Epinal,48.172653,6.4528165,LUXEUIL,43.39
FR23238,LEVOYER,47.194157,-1.581689,NANTES-BOUGUENAIS,5.32
FR19061,Saint Brieuc Balzac,48.51351,-2.74953,ST BRIEUC,8.05
FR02041,SALON,43.639004,5.101097,SALON DE PROVENCE,2.96
FR20031,ST FONS CENTRE,45.7078,4.8644,LYON-BRON,6.75
FR41001,AJACCIO CANETTO,41.924694,8.735694,AJACCIO,4.77
FR30029,Vittel,48.19361,5.937222,NANCY-OCHEY,43.11
FR26010,Daix,47.3456,5.002377,DIJON-LONGVIC,10.81
FR33203,ANNECY Rocade,45.9097,6.11825,MEYTHET,2.78
FR16059,Chalampé,47.820248,7.538683,COLMAR-MEYENHEIM,15.52
FR14203,Pourcy,49.1586,3.912613,REIMS-PRUNAY,18.54
FR16215,Strasbourg A35 Remparts,48.588055,7.729722,STRASBOURG-ENTZHEIM,7.85
FR09399,Niort Trafic 6,46.321976,-0.4664312,NIORT,5.13
FR28020,Noeux S. Sports,50.483925,2.6613,LILLE-LESQUIN,32.29
FR11038,Tourcoing Houpline,50.733334,3.173611,LILLE-LESQUIN,18.94
FR37041,Anse-Bertrand Campêche,16.4545,-61.4281,LE RAIZET AERO,23.18
FR02008,Port de Bouc Leque,43.40195,4.981919,ISTRES,14.12
FR39016,Robert Bourg,14.678025,-60.939056,LAMENTIN-AERO,11.03
FR18058,Gaudechart,49.61563,1.963259,BEAUVAIS-TILLE,22.22
FR27005,Sablons,45.321846,4.770702,GRENOBLE-ST GEOIRS,42.67
FR02005,Martigues l'Ile,43.405296,5.051636,MARIGNANE,13.38
FR34014,St Jean,47.917397,1.966258,ORLEANS,16.2
FR32007,Le Creusot Molette,46.802376,4.417486,ST YAN,53.46
FR33302,St Germain/Rhône,46.072224,5.820833,MEYTHET,26.49
FR38016,Station Bourg-Murat,-21.204815,55.58262,GILLOT-AEROPORT,35.21
FR82220,Sochaux Mairie,47.5131,6.8318,DORANS,8.74
FR34017,Marigny-les-usages,47.958973,2.009278,ORLEANS,17.56
FR08003,Montpellier Chaptal,43.6113,3.86626,MONTPELLIER-AEROPORT,8.84
FR09207,MARANS_D137,46.309624,-0.991908,LA ROCHELLE-ILE DE RE,21.3
FR43002,Convalescence,-12.778186,45.220234,PAMANDZI,7.44
FR19032,Lorient B. Bissonnet,47.7425,-3.39501,LORIENT-LANN BIHOUE,3.79
FR22016,Saint-Avold Centre,49.104137,6.70375,AEROPORT METZ-NANCY-LORRAINE,36.33
FR30032,Heming,48.694725,6.965275,STRASBOURG-ENTZHEIM,52.18
FR26014,Dijon Trémouille,47.325745,5.041056,DIJON-LONGVIC,7.36
FR23249,LA CAME,47.32113,-2.127344,ST NAZAIRE-MONTOIR,2.2
FR10041,St Omer Ribot,50.74823,2.25978,DUNKERQUE,34.66
FR02016,Salon de Provence,43.63864,5.091892,SALON DE PROVENCE,3.15
FR12046,MONTAUBAN,44.022743,1.411761,MONTAUBAN,2.87
FR04141,Quai des Celestins,48.85278,2.360556,PARIS-MONTSOURIS,3.84
FR15017,Fontaine Les Balmes,45.19049,5.687023,GRENOBLE-ST GEOIRS,35.03
FR12054,Toulouse Rte Albi,43.643944,1.468244,TOULOUSE-BLAGNAC,7.63
FR04012,Place Victor Basch,48.827778,2.3275,PARIS-MONTSOURIS,1.02
FR02022,Arles,43.675114,4.62921,NIMES-GARONS,20.5
FR04185,POMMEUSE,48.81588,2.9912472,MELUN,32.33
FR04149,MONTGERON,48.7067,2.4572,ORLY,4.59
FR01011,Metz-Centre,49.119442,6.180833,AEROPORT METZ-NANCY-LORRAINE,16.23
FR16051,Vieux Thann,47.80596,7.125433,COLMAR-MEYENHEIM,25.09
FR01022,St-Julien-lès-Metz,49.131115,6.207225,AEROPORT METZ-NANCY-LORRAINE,17.08
FR20003,GARIBALDI,45.7681,4.8503,LYON-BRON,9.27
FR08022,Agathois-piscénois,43.2875,3.50484,BEZIERS-VIAS,12.9
FR05090,Le Havre ville-haute,49.514687,0.100645,OCTEVILLE,2.14
FR02009,Port Saint Louis,43.39378,4.801024,ISTRES,17.6
FR10026,Calais Parmentier,50.9578,1.89008,BOULOGNE-SEM,32.3
FR07038,Issoire Associations,45.544533,3.248278,CLERMONT-FD,28.02
FR38024,RDT SAINT-LEU,-21.213211,55.302845,GILLOT-AEROPORT,42.7
FR26019,Auxerre,47.800575,3.576189,AUXERRE-PERRIGNY,3.33
FR05089,Le Havre Lafaurie-montant,49.500187,0.110903,OCTEVILLE,3.9
FR34018,Montargis,47.99789,2.7195,AUXERRE-PERRIGNY,64.8
FR04323,EVRY,48.62722,2.429167,ORLY,10.37
FR31039,PAU TOURASSE,43.311092,-0.352116,PAU-UZEIN,9.72
FR03037,VALLEE HUVEAUNE,43.28334,5.511384,MARIGNANE,29.41
FR36025,ANNONAY,45.242825,4.672595,ST ETIENNE-BOUTHEON,44.82
FR39013,Robert Mansarde,14.675558,-60.94609,LAMENTIN-AERO,10.39
FR33122,La Léchère,45.53583,6.471111,BOURG ST MAURICE,24.3
FR22022,SARREGUEMINES,49.118343,7.083539,AEROPORT METZ-NANCY-LORRAINE,63.17
FR01001,Longlaville-Ecole,49.535004,5.804447,AEROPORT METZ-NANCY-LORRAINE,69.51
FR07008,Delille,45.78089,3.094583,CLERMONT-FD,4.3
FR31023,MASLACQ,43.436455,-0.695041,PAU-UZEIN,23.23
FR25052,Evreux  Boulevard de Normandie,49.02021,1.138717,EVREUX-HUEST,6.07
FR09204,La_Rochelle_trafic_3,46.16355,-1.146367,LA ROCHELLE-ILE DE RE,3.95
FR82040,Dole centre,47.09672,5.496389,TAVAUX SA,7.87
FR19021,Lorient CTM,47.75171,-3.37501,LORIENT-LANN BIHOUE,4.7
FR19053,Quimper Zola,47.986607,-4.097658,QUIMPER,4.93
FR16508,Thann 2,47.8144,7.1047,COLMAR-MEYENHEIM,25.93
FR15018,Voiron Urbain,45.360176,5.589419,GRENOBLE-ST GEOIRS,21.57
FR12045,LOURDES PARADIS,43.094994,-0.052394,TARBES-LOURDES-PYRENEES,11.18
FR27010,Plateau de Bonnevaux,45.4609,5.181081,GRENOBLE-ST GEOIRS,14.92
FR30027,Frolois,48.565445,6.129578,NANCY-OCHEY,12.61
FR02007,Martigues La Gatasse,43.36069,5.058139,MARIGNANE,15.02
FR04069,MELUN,48.54139,2.661389,MELUN,7.78
FR41024,VENACO,42.236027,9.190028,ALISTRO,29.05
FR23242,BD DU ROI RENE,47.46699,-0.554686,BEAUCOUZE,4.68
FR07009,Jardin Lecoq,45.772167,3.0875,CLERMONT-FD,5.06
FR35005,GUERET - Nicolas,46.17362,1.873024,GUERET-ST LAURENT,5.96
FR26035,Nuits-Saint-Georges,47.13723,4.950573,DIJON-LONGVIC,17.87
FR27011,A7 Salaise Ouest,45.344078,4.807481,GRENOBLE-ST GEOIRS,39.59
FR12051,VIVIEZ-Stade,44.545853,2.2257,RODEZ-AVEYRON,25.34
FR20019,GRANDCLEMENT,45.75836,4.886214,LYON-BRON,6.39
FR04017,NEUILLY-SUR-SEINE,48.88139,2.278056,PARIS-MONTSOURIS,7.95
FR36005,Drôme Rurale Sud,44.520744,5.089872,MONTELIMAR,29.07
FR35027,LIMOGES - BERLAND,45.842205,1.259689,LIMOGES-BELLEGARDE,6.89
FR15048,Gresivaudan Periurb,45.2797,5.8822,CHAMBERY-AIX,40.21
FR08616,Nimes Planas,43.8299,4.36199,NIMES-COURBESSAC,4.65
FR03031,CADARACHE/DURANCE,43.708584,5.758152,ST AUBAN,43.47
FR08252,GARNOR03,44.054474,4.697408,ORANGE,16.46
FR25502,Petit-Couronne Berthet,49.385,1.0187,ROUEN-BOOS,11.57
FR15039,Le Rondeau,45.158363,5.703764,GRENOBLE-ST GEOIRS,38.17
FR20049,HAUT BEAUJOLAIS,45.96141,4.465711,MACON,44.87
FR82043,Chatenois,47.147232,5.556211,TAVAUX SA,15.08
FR18089,Trafic Beauvais 1,49.435932,2.084292,BEAUVAIS-TILLE,3.32
FR24018,MANOSQUE,43.835785,5.786131,ST AUBAN,29.99
FR23236,GUILOT,47.6964,-0.0736,MARCE,23.59
FR22014,Spicheren(14),49.19539,6.957444,AEROPORT METZ-NANCY-LORRAINE,57.3
FR38020,Plateau Caillou,-21.022112,55.266773,GILLOT-AEROPORT,30.8
FR23107,LA CHAUVINIERE,47.252777,-1.573333,NANTES-BOUGUENAIS,11.74
FR03071,TOULON CLARET,43.13111,5.924184,HYERES,18.4
FR07060,Royat Périurbaine,45.76411,3.046111,CLERMONT-FD,8.39
FR02006,Martigues Laurons,43.358982,5.023388,MARIGNANE,17.5
FR22009,Ecole de Carling(9),49.165726,6.716886,AEROPORT METZ-NANCY-LORRAINE,40.25
FR05074,Le Havre Ec. Herriot,49.48963,0.100703,OCTEVILLE,4.87
FR12015,Saint Gaudens Miramont,43.093613,0.743611,ST GIRONS,31.1
FR04331,LIMAY,48.985523,1.754142,PONTOISE - AERO,23.1
FR10132,Campagne les B.,50.61048,1.99145,LE-TOUQUET,28.14
FR15046,Grenoble Boulevards,45.18069,5.720625,GRENOBLE-ST GEOIRS,37.83
FR05078,Le Havre Massillon,49.4983,0.142706,OCTEVILLE,5.34
FR07022,Paray le Fresil,46.652668,3.600667,ST YAN,41.83
FR23174,GUEDOU,47.98895,0.19605,LE MANS,4.8
FR39018,CDST,14.755003,-61.17883,LAMENTIN-AERO,26.52
FR34042,Lucé,48.439304,1.468778,CHARTRES,3.36
FR08617,Nimes La Calmette,43.9254,4.26581,NIMES-COURBESSAC,13.6
FR03002,MARSEILLE TIMONE,43.29005,5.400252,MARIGNANE,22.16
FR23177,SAINT-DENIS D'ANJOU,47.788334,-0.444756,MARCE,26.94
FR07010,Montlucon Centre,46.344,2.598,GUERET-ST LAURENT,53.2
FR19002,Rennes Laennec,48.10861,-1.66586,RENNES-ST JACQUES,6.72
FR82210,Bouclans (Nancray),47.2458,6.1836,BESANCON,14.71
FR31040,MARMANDE,44.50878,0.142695,BERGERAC,46.15
FR19501,Rennes Rue Guehenno,48.11825,-1.67204,RENNES-ST JACQUES,7.17
FR05040,Honfleur Sce Tech.,49.415108,0.2437,ST GATIEN DES B,7.9
FR21060,Moult proximité,49.117195,-0.169666,CAEN-CARPIQUET,21.98
FR36019,Romans-sur-Isère,45.0425,5.0443,GRENOBLE-ST GEOIRS,41.5
FR34032,Leblanc,47.08278,2.405333,BOURGES,4.33
FR04014,PARIS 12eme,48.837223,2.3939,PARIS-MONTSOURIS,4.45
FR12055,ALBI MASSOL,43.92213,2.146844,ALBI,2.58
FR01020,Thionville-Centre,49.358337,6.156942,AEROPORT METZ-NANCY-LORRAINE,42.61
FR04322,Zone Rurale Ouest,48.8603,1.6767,TRAPPES,26.2
FR09202,La Rochelle centre - rue St-Louis,46.159,-1.145999,LA ROCHELLE-ILE DE RE,4.2
FR10027,Calais EREA,50.96156,1.8739,BOULOGNE-SEM,31.93
FR35004,BRIVE - Dalton,45.158737,1.537259,BRIVE,5.19
FR03062,TOULON CHALUCET,43.127476,5.927086,HYERES,18.1
FR02035,Carry le Rouet,43.330868,5.151234,MARIGNANE,12.77
FR03080,AVIGNON   MAIRIE,43.949673,4.804341,AVIGNON,8.94
FR08020,Lunel Viel,43.6758,4.08838,MONTPELLIER-AEROPORT,14.9
FR01010,La Maxe,49.164165,6.186392,AEROPORT METZ-NANCY-LORRAINE,20.96
FR01014,Pont-à-Mousson,48.915,6.058336,AEROPORT METZ-NANCY-LORRAINE,15.28
FR04179,PARIS Stade Lenglen,48.830387,2.269889,PARIS-MONTSOURIS,5.07
FR34038,Verneuil,46.814693,2.610069,AVORD,26.52
FR25045,Phare d Ailly,49.916363,0.957178,DIEPPE,9.68
FR21041,Ouistreham Baie de l Orne,49.278324,-0.247074,CAEN-CARPIQUET,18.71
FR31032,AGEN,44.192223,0.623889,AGEN-LA GARENNE,3.23
FR05083,Gonfreville l Orcher,49.50273,0.232486,OCTEVILLE,10.71
FR33305,Bourg-en-Bresse,46.211666,5.226389,AMBERIEU,27.33
FR09305,Niort - Tassigny,46.33388,-0.471878,NIORT,5.86
FR39003,Etang Zabricot,14.603497,-61.041206,LAMENTIN-AERO,4.98
FR07039,Chamalières Europe,45.774727,3.062978,CLERMONT-FD,6.83
FR34047,Saint-Remy,48.760887,1.233639,EVREUX-HUEST,29.38
FR24024,BRIANCON,44.895805,6.635561,VILLAR ST PANCRACE,1.76
FR04101,CHAMPIGNY-SUR-MARNE,48.816387,2.5175,PARIS-MONTSOURIS,13.17
FR21038,Cherbourg Hotel de Ville,49.64225,-1.624361,GONNEVILLE,11.64
FR01092,Farébersviller,49.117123,6.856736,AEROPORT METZ-NANCY-LORRAINE,47.27
FR28033,Noeux-les-Mines,50.48972,2.66642,LILLE-LESQUIN,31.75
FR16040,Strasbourg A35,48.575985,7.727478,STRASBOURG-ENTZHEIM,7.06
FR31001,GRAND PARC,44.86121,-0.58037,BORDEAUX-MERIGNAC,9.38
FR04145,GARCHES,48.84639,2.189444,VILLACOUBLAY,8.29
FR09010,Chasseneuil,46.655334,0.376236,POITIERS-BIARD,8.31
FR01019,Thionville-Piscine,49.36861,6.160831,AEROPORT METZ-NANCY-LORRAINE,43.7
FR40009,Cayenne-Bouchon,4.920833,-52.321945,CAYENNE-MATOURY,11.96
FR04098,LOGNES,48.84028,2.635278,LE BOURGET,20.73
FR27004,Vienne Centre,45.52597,4.875408,LYON-BRON,22.47
FR82041,Tavaux,47.0426,5.400944,TAVAUX SA,2.0
FR16038,Strasbourg Est,48.570374,7.766331,STRASBOURG-ENTZHEIM,9.56
FR21040,Saint-Lô Eglise,49.11639,-1.084722,CAEN-CARPIQUET,46.26
FR23181,PARC PAYSAGER,47.27313,-2.223172,ST NAZAIRE-MONTOIR,6.88
FR01061,Florange_Bétange_HAP,49.3331,6.1147,AEROPORT METZ-NANCY-LORRAINE,40.43
FR02001,Berre l'Etang,43.486233,5.171939,MARIGNANE,6.34
FR19019,Rennes Rue Saint Malo,48.12659,-1.68606,RENNES-ST JACQUES,7.34
FR82021,Belfort centre,47.630756,6.858944,DORANS,4.65
FR82006,Besançon Prévoyance,47.2474,6.015419,BESANCON,2.01
FR07034,Clermont-Esplanade Gare,45.775696,3.09625,CLERMONT-FD,4.3
FR82070,Baume-les-Dames,47.351288,6.359722,BESANCON,30.19
FR20004,ST JUST,45.755318,4.820331,LYON-BRON,10.69
FR23157,EPINETTES,47.146088,-1.690269,NANTES-BOUGUENAIS,6.17
FR23140,VICTOR HUGO,47.204357,-1.552914,NANTES-BOUGUENAIS,7.38
FR38010,TITAN,-20.943007,55.2906,GILLOT-AEROPORT,25.37
FR02026,Miramas Centre Ville,43.584694,5.006452,SALON DE PROVENCE,8.76
FR41004,BASTIA LA MARANA,42.53583,9.475972,BASTIA,0.93
FR05080,Rogerville Mairie,49.50362,0.266872,OCTEVILLE,13.06
FR25011,Pt Couronne Ch d eau,49.383133,1.025758,ROUEN-BOOS,11.07
FR27007,Bourgoin-Jallieu,45.60822,5.270872,LYON-ST EXUPERY,19.95
FR33121,Albertville,45.675,6.389722,BOURG ST MAURICE,29.86
FR04023,CERGY-PONTOISE,49.04639,2.043056,PONTOISE - AERO,5.0
FR25037,Rouen Le Conquerant,49.441463,1.082656,ROUEN-BOOS,9.02
FR34066,Montargis Les Cites,48.00145,2.72618,AUXERRE-PERRIGNY,64.44
FR32002,Champforgueil,46.821056,4.835083,TAVAUX SA,51.34
FR03030,GARDANNE,43.453583,5.466672,MARIGNANE,20.31
FR05500,Gonfreville l Orcher Côte Blanche,49.4989,0.2296,OCTEVILLE,10.66
FR37007,ST Vieux Bourg ABYMES,16.25066,-61.527794,LE RAIZET AERO,1.92
FR82020,Belfort Octroi,47.640667,6.859278,DORANS,5.7
FR21050,La Coulonche MERA,48.645,-0.458333,ALENCON,47.37
FR18057,Neuilly-Saint-Front,49.17493,3.260819,ROISSY,55.8
FR82012,Dambenois Citoyen,47.538193,6.868361,DORANS,6.39
FR09301,AIRVAULT 2,46.824368,-0.135461,POITIERS-BIARD,42.82
FR14048,HAP Bourbonne,47.9542,5.7491,LANGRES,33.05
FR04059,SAINT-DENIS,48.93722,2.361667,LE BOURGET,5.87
FR23149,CUTULLIC2,47.28616,-2.032447,ST NAZAIRE-MONTOIR,9.7
FR16017,Nord-Est Alsace,48.919357,8.158458,STRASBOURG-ENTZHEIM,55.99
FR50224,Perpignan bd Pyrénées,42.69587,2.888483,PERPIGNAN,4.77
FR06003,Douai Theuriet,50.37822,3.06586,LILLE-LESQUIN,21.44
FR11033,Lesquin Centre,50.58859,3.11598,LILLE-LESQUIN,2.44
FR37006,PTP-VICTOIRE,16.23674,-61.5341,LE RAIZET AERO,3.58
FR20060,VENISSIEUX Village,45.7036,4.8836,LYON-BRON,5.46
FR16068,Colmar-Ladhof,48.081696,7.364589,COLMAR-MEYENHEIM,17.32
FR04038,Zone Rurale SO,48.581944,1.883333,TRAPPES,23.32
FR16060,C.C.3 Frontières,47.594913,7.568175,BALE-MULHOUSE,4.87
FR03048,AIX PLATANES,43.55578,5.461232,MARIGNANE,23.74
FR82060,Vesoul Pres Caillet,47.62002,6.157642,LUXEUIL,24.14
FR14032,ST PARRES AUX TERTRE,48.299168,4.117222,TROYES-BARBEREY,7.73
FR25055,Dieppe Golf,49.92049,1.047892,DIEPPE,3.31
FR25040,Mesnil Esnard,49.40619,1.15515,ROUEN-BOOS,2.5
FR31043,Biarritz-hippodrome,43.470238,-1.553876,BIARRITZ-PAYS-BASQUE,1.58
FR26007,Station BALZAC,47.34139,5.046944,DIJON-LONGVIC,8.75
FR12039,Toulouse-SETMI Eisenhower,43.56158,1.393261,TOULOUSE-BLAGNAC,6.71
FR22007,Cite Bois Richard(7),49.166,6.734,AEROPORT METZ-NANCY-LORRAINE,41.34
FR11030,Salome Ecoles,50.532032,2.839,LILLE-LESQUIN,18.75
FR08508,Vergèze,43.724606,4.246406,NIMES-GARONS,14.4
FR34054,Faverolles,47.170166,1.409694,ROMORANTIN,26.76
FR31026,TARTAS Pelletrin,43.838875,-0.81203,MONT-DE-MARSAN,26.21
FR26001,Station PASTEUR,47.31861,5.041389,DIJON-LONGVIC,6.66
FR25505,Grand Evreux Agglomeration,49.00922,1.15669,EVREUX-HUEST,5.05
FR04173,RD934 Coulommiers,48.8059,3.084158,MELUN,36.8
FR03043,MARSEILLE 5 AVENUES,43.305286,5.394716,MARIGNANE,20.62
FR38021,Grand Fond,-21.032139,55.232563,GILLOT-AEROPORT,34.46
FR19033,Vannes UTA,47.64892,-2.76399,LORIENT-LANN BIHOUE,51.83
FR21016,Caen Vaucelles,49.17508,-0.353563,CAEN-CARPIQUET,7.48
FR30024,Tomblaine,48.68838,6.221456,NANCY-ESSEY,0.06
FR31034,AMBES 2,45.012222,-0.529722,BORDEAUX-MERIGNAC,23.86
FR25050,Bures-en-bray,49.78122,1.345083,DIEPPE,24.87
FR03069,HYERES,43.119736,6.131319,HYERES,2.49
FR02021,Sausset les Pins,43.331245,5.117696,MARIGNANE,13.99
FR07058,Montluçon,46.34072,2.593945,GUERET-ST LAURENT,52.78
FR24039,Obs Haute-Provence,43.933475,5.711809,ST AUBAN,26.43
FR34025,La Bruyère,47.419083,0.682944,TOURS,4.37
FR04051,ARGENTEUIL,48.95139,2.223611,LE BOURGET,15.0
FR31006,MERIGNAC,44.841373,-0.651068,BORDEAUX-MERIGNAC,3.39
FR03068,TOULON FOCH,43.12682,5.921605,HYERES,18.53
FR12038,Toulouse Boulodrome STCM,43.635967,1.429497,TOULOUSE-BLAGNAC,4.4
FR26016,Sens,48.200436,3.2773,AUXERRE-PERRIGNY,46.44
FR08204,Gard Rhodanien1,43.8292,4.64295,NIMES-COURBESSAC,19.22
FR14022,CHALONS,48.962223,4.36,VATRY-AERO,25.05
FR07053,Edouard Michelin,45.780434,3.111592,CLERMONT-FD,3.01
FR34061,Blois nord,47.594257,1.302667,BLOIS,11.56
FR23124,LA TARDIERE,46.656624,-0.743381,NIORT,46.11
FR01021,Thionville-Garche,49.394444,6.201392,AEROPORT METZ-NANCY-LORRAINE,46.26
FR40007,Kalou,4.84816,-52.3238,CAYENNE-MATOURY,5.42
FR31022,LAGOR,43.40986,-0.673155,PAU-UZEIN,20.93
FR34048,Chartres_trafic,48.449158,1.492469,CHARTRES,1.41
FR19017,Rennes Pays-Bas,48.08965,-1.65911,RENNES-ST JACQUES,6.03
FR26043,Dijon-Transvaal,47.31546,5.040202,DIJON-LONGVIC,6.42
FR07057,Moulins Centre,46.561974,3.3406389,VICHY-CHARMEIL,44.18
FR23239,LA CHABOSSIERE,47.18594,-1.591504,NANTES-BOUGUENAIS,4.21
FR29421,COUBERTIN,45.46672,4.389781,ST ETIENNE-BOUTHEON,11.53
FR11026,Halluin stade,50.775482,3.12568,LILLE-LESQUIN,22.93
FR12021,Toulouse Mazades,43.623608,1.438531,TOULOUSE-BLAGNAC,4.81
FR03006,MARSEILLE RABATAU,43.27645,5.39736,MARIGNANE,23.16
FR23143,REPUBLIQUE,47.28472,-2.210833,ST NAZAIRE-MONTOIR,5.34
FR30022,Gerardmer,48.072002,6.873001,COLMAR-MEYENHEIM,42.85
FR16512,Haguenau 3,48.81542,7.797019,STRASBOURG-ENTZHEIM,31.73
FR07018,Vals pres le Puy,45.030003,3.876,LE PUY-LOUDES,10.09
FR04001,ISSY-LES-MOULINEAUX,48.8225,2.2692,PARIS-MONTSOURIS,5.03
FR11016,Marcq CTM,50.67003,3.07656,LILLE-LESQUIN,11.22
FR09203,La Pallice3 LR,46.161633,-1.211229,LA ROCHELLE-ILE DE RE,2.29
FR03067,BRIGNOLES,43.39873,6.075611,LE LUC,25.15
FR41060,BASTIA FANGO,42.70283,9.446389,BASTIA,18.31
FR09016,La Couronne,45.60882,0.099722,COGNAC,32.91
FR05503,Notre Dame de Gravenchon Prevert,49.4811,0.574611,ST GATIEN DES B,32.21
FR02012,Istres,43.50615,4.982898,ISTRES,4.83
FR02010,Retour des Aires,43.500786,4.853818,ISTRES,6.42
FR02018,La Fare les Oliviers,43.548313,5.183108,SALON DE PROVENCE,9.38
FR25036,Espace du Palais,49.442356,1.093789,ROUEN-BOOS,8.48
FR82003,Besancon Planoise,47.221973,5.971556,BESANCON,3.28
FR38018,Centre Penitencier,-20.9498,55.313828,GILLOT-AEROPORT,23.22
FR24003,NICE PELLOS,43.71009,7.265102,NICE,8.17
FR12030,Toulouse Berthelot,43.587345,1.444003,TOULOUSE-BLAGNAC,6.45
FR28034,ISBERGUES,50.62587,2.473341,LILLE-LESQUIN,44.49
FR14008,REVIN,49.90778,4.63,CHARLEVILLE-MEZ,13.93
FR25032,Elbeuf CCI,49.291107,1.007433,ROUEN-BOOS,16.52
FR50060,Montauban - Ramierou,44.012856,1.3753052,MONTAUBAN,1.69
FR21021,Lisieux,49.147224,0.227222,ST GATIEN DES B,24.55
FR06007,Maubeuge Joyeuse,50.27936,3.97691,LILLE-LESQUIN,70.18
FR38091,Terrain de Sel,-20.928686,55.33258,GILLOT-AEROPORT,20.77
FR34034,Vierzon,47.222027,2.073,BOURGES,28.26
FR22011,L Hôpital - Mairie,49.158413,6.731664,AEROPORT METZ-NANCY-LORRAINE,40.78
FR30028,Schlucht,48.051117,7.011114,COLMAR-MEYENHEIM,32.5
FR12008,Toulouse rue de Metz,43.599976,1.442136,TOULOUSE-BLAGNAC,5.61
FR12050,VIVIEZ-Place du 8 Mai,44.560543,2.226169,RODEZ-AVEYRON,26.31
FR05010,St Romain de Colbosc,49.528927,0.358733,OCTEVILLE,19.28
FR12095,Rodez Camonil,44.35699,2.5707042,RODEZ-AVEYRON,9.18
FR24033,GAP COMMANDERIE,44.555195,6.073015,EMBRUN,34.56
FR34009,Saran,47.9531,1.8728,ORLEANS,8.19
FR07056,Pays du Mezenc,44.98377,4.226006,LE PUY-LOUDES,37.68
FR09017,COGNAC,45.694725,-0.323361,COGNAC,3.36
FR36021,Drôme Rurale Sud-SND,44.569443,5.278972,MONTELIMAR,43.26
FR04131,Boulevard Haussmann,48.873333,2.330278,PARIS-MONTSOURIS,5.77
FR12052,Tarbes lycée Dupuy,43.230297,0.062339,TARBES-LOURDES-PYRENEES,6.9
FR12040,Toulouse SETMI Chapitre,43.556374,1.403964,TOULOUSE-BLAGNAC,7.47
FR08712,Perpignan St Esteve,42.7198,2.83988,PERPIGNAN,3.31
FR18008,P. Bert St Quentin,49.863,3.307,ST QUENTIN,8.78
FR33105,Chambéry Trafic,45.56943,5.932986,CHAMBERY-AIX,9.07
FR31057,Floirac Branne,44.84341,-0.50698,BORDEAUX-MERIGNAC,14.61
FR10030,Boulogne Diderot,50.71703,1.605913,BOULOGNE-SEM,1.78
FR33111,SAINT JEAN,45.274723,6.349722,VILLAR ST PANCRACE,49.44
FR23110,LEON BLUM,47.26411,-2.250153,ST NAZAIRE-MONTOIR,9.09
FR10013,Loon-Plage,50.99599,2.21466,DUNKERQUE,10.98
FR04058,Auto A1 -Saint-Denis,48.925278,2.356667,LE BOURGET,6.98
FR12049,UMICORE VIVIEZ,44.555225,2.219639,RODEZ-AVEYRON,26.35
FR39001,Musee histoire,14.6061,-61.0656,LAMENTIN-AERO,7.62
FR22004,Freyming-Merlebach,49.146526,6.815419,AEROPORT METZ-NANCY-LORRAINE,45.65
FR33113,Maurienne Trafic,45.209366,6.480326,VILLAR ST PANCRACE,38.69
FR07043,Le Puy Coiffier,45.04286,3.888806,LE PUY-LOUDES,10.42
FR21017,Ouistreham,49.289444,-0.257778,CAEN-CARPIQUET,18.86
FR50227,Montpellier Antigone,43.60883,3.895721,MONTPELLIER-AEROPORT,6.63
FR25049,Base loisirs Poses,49.30487,1.214367,ROUEN-BOOS,9.77
FR25500,Rouen - Quai du Havre,49.4393,1.088,ROUEN-BOOS,8.57
FR35023,TULLE - Victor Hugo,45.263615,1.763889,BRIVE,26.22
FR03021,AIX ROY RENE,43.524075,5.448164,MARIGNANE,21.05
FR14802,HAP Reims Prieur,49.263817,4.048806,REIMS-PRUNAY,9.79
FR19005,Rennes Triangle,48.08861,-1.659722,RENNES-ST JACQUES,5.94
FR25034,Val de la Haye Ecole,49.378246,1.001322,ROUEN-BOOS,12.87
FR38002,MONTGAILLARD,-20.903294,55.468334,GILLOT-AEROPORT,6.39
FR04099,NOGENT-SUR-MARNE,48.840557,2.484444,PARIS-MONTSOURIS,10.94
FR39010,Concorde,14.613844,-61.06349,LAMENTIN-AERO,7.58
FR01060,Malroy,49.16885,6.212669,AEROPORT METZ-NANCY-LORRAINE,21.19
FR02030,Berre Port,43.47201,5.167704,MARIGNANE,5.26
FR31055,MONT-DE-MARSAN - MIDOUZE,43.888973,-0.507028,MONT-DE-MARSAN,2.38
FR24011,NICE OUEST BOTANIQUE,43.68519,7.211174,NICE,4.05
FR02014,Port de Bouc Castil.,43.42533,4.996785,ISTRES,12.18
FR34064,Montargis_trafic,48.006935,2.740111,AUXERRE-PERRIGNY,63.65
FR43099,Kawéni Nord,-12.761174,45.226196,PAMANDZI,7.87
FR30018,Remiremont,48.024605,6.585836,LUXEUIL,31.17
FR36007,Saint Bauzile CEC,44.675938,4.673586,MONTELIMAR,11.54
FR31041,MONT DE MARSAN,43.8961,-0.491403,MONT-DE-MARSAN,1.68
FR82030,Montandon Baresans,47.29464,6.825861,DORANS,33.04
FR19014,Brest Desmoulins,48.39746,-4.48871,BREST-GUIPAVAS,9.54
FR34030,Bourges-Baffier,47.075043,2.407183,BOURGES,4.0
FR10032,Outreau,50.69435,1.57657,BOULOGNE-SEM,4.54
FR07051,Beaulieu,45.769,3.155,CLERMONT-FD,2.03
FR31027,IRATY,43.03361,-1.035278,BIARRITZ-PAYS-BASQUE,63.1
FR14852,HAP Monthermé,49.88245,4.741405,CHARLEVILLE-MEZ,13.13
FR19018,MORDELLES BELLAIS,48.082882,-1.834583,RENNES-ST JACQUES,7.63
FR16069,Mulhouse-Briand,47.747684,7.321364,BALE-MULHOUSE,20.48
FR34046,Dreux Centre,48.729694,1.358472,CHARTRES,31.72
FR41059,AJACCIO ABBATUCCI,41.92575,8.738278,AJACCIO,4.58
FR02024,Ste Maries de la Mer,43.457077,4.428002,NIMES-GARONS,35.13
FR04324,Zone Rurale Est,48.761665,3.058333,MELUN,32.5
FR82200,Besancon pl Leclerc,47.2425,6.0152,BESANCON,2.12
FR31014,HAMEAU,43.307777,-0.322778,PAU-UZEIN,11.44
FR04100,VILLEMOMBLE,48.881947,2.507222,LE BOURGET,11.13
FR39014,Sainte_Luce,14.468869,-60.927418,LAMENTIN-AERO,15.87
FR27002,ROUSSILLON,45.36782,4.805147,GRENOBLE-ST GEOIRS,39.7
FR19016,BREST Plouzané,48.359444,-4.568055,LANVEOC,13.04
FR35903,Les Rivailles - Palais,45.8781,1.3305,LIMOGES-BELLEGARDE,12.19
FR42012,Héming Rue des Ecoles,48.69451,6.965651,STRASBOURG-ENTZHEIM,52.15
FR07014,Aurillac Aerodrome,44.898335,2.420194,AURILLAC,0.76
FR14051,CHARLEVILLE,49.745277,4.719167,CHARLEVILLE-MEZ,6.87
FR16029,Strasbourg Nord,48.610363,7.781631,STRASBOURG-ENTZHEIM,12.4
FR07047,Bessay-sur-Allier,46.4409,3.361061,VICHY-CHARMEIL,30.63
FR31016,SAINT-CROUTS,43.47982,-1.489157,BIARRITZ-PAYS-BASQUE,3.83
FR08714,Perpignan Les Carmes,42.6955,2.90053,PERPIGNAN,5.16
FR06001,Valenciennes Acacias,50.35853,3.50804,LILLE-LESQUIN,37.38
FR82042,Damparis,47.065628,5.415061,TAVAUX SA,2.6
FR09304,AIRVAULT - Stade Laillé,46.823795,-0.135634,POITIERS-BIARD,42.79
FR36022,Aubenas_belvedere,44.622276,4.384979,LANAS SYN,9.56
FR04319,TREMBLAY-EN-FRANCE,48.95555,2.575278,ROISSY,7.27
FR33202,NOVEL,45.916943,6.135556,MEYTHET,3.45
FR16054,Colmar Centre,48.074444,7.3505554,COLMAR-MEYENHEIM,16.76
FR10003,Dunkerque Port,51.05206,2.35378,DUNKERQUE,1.08
FR20068,VILLEFRANCHE PERIURB,45.936275,4.796111,LYON-BRON,26.68
FR41007,AJACCIO SPOSATA,41.949223,8.757583,AJACCIO,4.53
FR28023,Wingles IME,50.496506,2.86725,LILLE-LESQUIN,18.21
FR09302,Zoodyssée Chizé,46.143234,-0.395913,NIORT,19.19
FR01005,Hayange,49.324722,6.076108,AEROPORT METZ-NANCY-LORRAINE,40.28
FR08017,Montpellier Périurbaine Sud (Lattes),43.5705,3.9118,MONTPELLIER-AEROPORT,4.31
FR41063,AJACCIO CONFINA 2,41.947685,8.796159,AJACCIO,3.31
FR30033,Jonville en Woevre,49.06583,5.785556,AEROPORT METZ-NANCY-LORRAINE,34.73
FR20064,VERNAISON,45.650616,4.816911,LYON-BRON,12.94
FR18053,St Pierre Amiens,49.90167,2.304597,MEAULTE,29.62
FR03047,MARSEILLE THIERS NOA,43.296967,5.383156,MARIGNANE,20.67
FR15043,Grenoble Les Frenes,45.1619,5.7356,GRENOBLE-ST GEOIRS,39.97
FR01012,Metz-Borny,49.110283,6.223336,AEROPORT METZ-NANCY-LORRAINE,14.63
FR02031,Marignane Ville,43.415688,5.216875,MARIGNANE,2.41
FR31010,AMBES,45.01478,-0.533942,BORDEAUX-MERIGNAC,23.93
FR07061,Riom Périurbaine,45.89674,3.122254,CLERMONT-FD,12.4
FR39015,Fort-de-France - Hôtel de ville,14.607444,-61.06978,LAMENTIN-AERO,8.09
FR09008,Aytré,46.135136,-1.117086,LA ROCHELLE-ILE DE RE,7.55
FR08016,Montpellier Prés d'Arènes,43.5915,3.88681,MONTPELLIER-AEROPORT,6.5
FR32014,Chalon St Marie,46.797363,4.853842,TAVAUX SA,51.46
FR04049,LES ULIS,48.679443,2.165556,TOUSSUS LE NOBLE,8.79
FR25035,Gd Couronne Mairie,49.358215,1.007853,ROUEN-BOOS,12.82
FR28022,St-Laurent-Blangy,50.30886,2.807369,LILLE-LESQUIN,35.57
FR23230,GASPARD,47.253036,-2.332025,ST NAZAIRE-MONTOIR,15.0
FR35019,SAILLAT - Ipaper,45.875835,0.823951,LIMOGES-BELLEGARDE,27.23
FR05084,NDGravenchon Pasteur,49.493332,0.571853,ST GATIEN DES B,32.6
FR24014,CIANS,44.09469,6.988978,NICE,52.62
FR31045,Bordeaux_GAUTIER,44.833824,-0.598525,BORDEAUX-MERIGNAC,7.33
FR04158,Zone Rurale NO,49.063087,1.866381,PONTOISE - AERO,12.14
FR03029,AIX CENTRE ECOLE ART,43.530285,5.440912,MARIGNANE,20.86
FR01065,Belleville sur Meuse,49.16778,5.387461,AEROPORT METZ-NANCY-LORRAINE,65.76
FR05056,Quillebeuf Phare,49.47372,0.526158,ST GATIEN DES B,28.68
FR12017,CANTEPAU ALBI,43.928055,2.1625,ALBI,3.99
FR25054,Petit-Quevilly Sud 3,49.434162,1.0670527,ROUEN-BOOS,9.46
FR02023,St Remy de Provence,43.788376,4.83465,AVIGNON,14.72
FR23068,FROSSAY,47.247353,-1.936522,ST NAZAIRE-MONTOIR,18.03
FR23075,JULES VERNE,47.315643,-2.190408,ST NAZAIRE-MONTOIR,2.71
FR34012,La Source,47.836617,1.927694,ORLEANS,20.44
FR07055,Fay-sur-Lignon,44.984444,4.2260833,LE PUY-LOUDES,37.67
FR32001,Chalon Centre Ville,46.78231,4.847322,TAVAUX SA,52.79
FR19015,Brest Pen ar Streat,48.41193,-4.47506,BREST-GUIPAVAS,7.75
FR35007,PALAIS S/ V.- Garros,45.87331,1.307916,LIMOGES-BELLEGARDE,10.38
FR21035,cherbourg doumer,49.63639,-1.626667,GONNEVILLE,11.89
FR34063,Blois_trafic,47.586544,1.326533,BLOIS,13.33
FR32005,Montceau-les-Mines 9me écluse,46.678783,4.366893,ST YAN,40.28
FR18049,Ville de Chauny,49.61311,3.223342,ST QUENTIN,22.85
FR35003,LIMOGES - Présidial,45.8311,1.256875,LIMOGES-BELLEGARDE,7.17
FR04122,RN6-MELUN,48.528057,2.653611,MELUN,9.34
FR11007,Lille Leeds,50.640793,3.074772,LILLE-LESQUIN,8.03
FR31031,SAINT-SULPICE,44.913055,-0.384444,BORDEAUX-MERIGNAC,25.86
FR12085,Toulouse Port de l'Embouchure,43.610386,1.4152,TOULOUSE-BLAGNAC,3.16
FR34056,Montierchaume,46.86453,1.771944,CHATEAUROUX  DEOLS,2.43
FR01016,Atton,48.886387,6.093611,AEROPORT METZ-NANCY-LORRAINE,15.04
FR19008,Serv Tech Guipry,47.83192,-1.83633,RENNES-ST JACQUES,27.42
FR14031,Troyes La Tour,48.301666,4.076944,TROYES-BARBEREY,4.93
FR12057,PAMIERS,43.11442,1.622586,ST GIRONS,43.62
FR22005,Puits 2(5),49.157528,6.744167,AEROPORT METZ-NANCY-LORRAINE,41.53
FR40008,Caiena3,4.9378467,-52.32093,CAYENNE-MATOURY,13.75
FR42011,Haguenau-Place marché aux bestiaux,48.81835,7.786409,STRASBOURG-ENTZHEIM,31.76
FR35002,ST JUNIEN - Fontaine,45.88485,0.898431,LIMOGES-BELLEGARDE,21.57
FR04180,RN20 - MONTLHERY,48.64093,2.26872,ORLY,12.73
FR14011,DOUMER,49.250732,4.023064,REIMS-PRUNAY,10.63
FR28010,Harnes Serres,50.44914,2.9,LILLE-LESQUIN,19.38
FR34028,Pompidou,47.394638,0.704861,TOURS,5.8
FR30030,Neuves-Maisons,48.614914,6.107672,NANCY-OCHEY,11.51
FR25053,Rouen Proxi Quai de Paris,49.4367,1.098838,ROUEN-BOOS,7.79
FR07032,Riom,45.894196,3.115056,CLERMONT-FD,12.23
FR18079,TRAFIC AMIENS,49.87722,2.2825,MEAULTE,31.94
FR28024,Estaires C.Sport,50.642612,2.723889,LILLE-LESQUIN,27.57
FR40004,Cayenne Stade nautique,4.932214,-52.310226,CAYENNE-MATOURY,13.66
FR29439,LA TALAUDIERE,45.481777,4.429667,ST ETIENNE-BOUTHEON,12.75
FR82001,Besancon Mégevand,47.235973,6.023611,BESANCON,3.0
FR10031,Boulogne Centre,50.71247,1.6081,BOULOGNE-SEM,2.3
FR05037,Caucriauville,49.503906,0.175731,OCTEVILLE,6.88
FR25044,Pt Couronne Piscine,49.389496,1.030703,ROUEN-BOOS,10.69
FR03084,LE PONTET,43.960144,4.856731,AVIGNON,6.55
FR14853,Vivier,49.73631,4.824764,CHARLEVILLE-MEZ,14.03
FR04156,BOBIGNY,48.902504,2.4525,LE BOURGET,7.43
FR18042,P. Roth St Quentin,49.851334,3.284,ST QUENTIN,6.69
FR14801,Métaux BSN,49.233612,4.056939,REIMS-PRUNAY,7.62
FR09105,Roumazières trafic,45.886185,0.581483,LIMOGES-BELLEGARDE,46.03
FR34043,Oysonville,48.39114,1.955611,CHARTRES,34.41
FR01066,Fameck,49.305088,6.101194,AEROPORT METZ-NANCY-LORRAINE,37.67
FR30037,Nancy-Brabois 2,48.656944,6.136022,NANCY-ESSEY,7.15
FR42010,Strasbourg Neudorf Ecoquartier Danube,48.572807,7.767833,STRASBOURG-ENTZHEIM,9.73
FR16031,Vosges du Nord,48.85731,7.314175,STRASBOURG-ENTZHEIM,41.77
FR07020,Busset,46.06028,3.515139,VICHY-CHARMEIL,14.85
FR03060,LA SEYNE GENOUD,43.101566,5.875404,HYERES,22.01
FR16052,Thann,47.810932,7.105553,COLMAR-MEYENHEIM,26.06
FR04055,PARIS 1er Les Halles,48.86212,2.344616,PARIS-MONTSOURIS,4.53
FR28131,Lens Stade J. Moulin,50.4368,2.826683,LILLE-LESQUIN,24.21
FR14029,Capitainerie,48.7266,4.594781,ST-DIZIER,25.03
FR20034,PIERRE BENITE,45.69953,4.829694,LYON-BRON,9.59
FR15053,Rocade Sud Eybens,45.15467,5.74523,GRENOBLE-ST GEOIRS,41.04
FR05087,Maison Parc Brotonne,49.498417,0.758697,ROUEN-BOOS,32.67
FR34029,La_Source-CNRS,47.83775,1.944667,ORLEANS,21.05
FR24007,ANTIBES JEAN MOULIN,43.598804,7.093153,NICE,10.86
FR33211,ANNEMASSE,46.19583,6.240556,MEYTHET,31.84
FR09003,place de VERDUN,46.162647,-1.153684,LA ROCHELLE-ILE DE RE,3.49
FR41003,AJACCIO PIATANICCIA,41.958027,8.820278,AJACCIO,5.0
FR04029,VERSAILLES,48.799168,2.130556,TOUSSUS LE NOBLE,5.54
FR16067,Vieux Thann 3,47.80221,7.122844,COLMAR-MEYENHEIM,25.48
FR09104,Angoulême trafic,45.64578,0.159472,COGNAC,37.0
FR02028,Martigues Lavera,43.386562,5.026868,MARIGNANE,15.93
FR34024,Joué lès Tours,47.34414,0.653778,TOURS,12.46
FR12013,Toulouse Ferry STCM,43.632465,1.432011,TOULOUSE-BLAGNAC,4.47
FR82514,Besancon Madeleine,47.240993,6.018156,BESANCON,2.39
FR82010,Montbéliard centre,47.510307,6.794,DORANS,9.61
FR31013,BILLERE,43.3108,-0.391543,PAU-UZEIN,8.49
FR24040,Cheiron,43.791912,7.048276,NICE,20.49
FR22054,Station de FORBACH,49.18742,6.910867,AEROPORT METZ-NANCY-LORRAINE,53.85
FR23004,PASTEUR,47.317345,-2.07333,ST NAZAIRE-MONTOIR,6.13
FR07203,La Monnerie,45.86876,3.60328,CLERMONT-FD,36.33
FR41022,AJACCIO DIAMANT,41.918304,8.736778,AJACCIO,4.62
FR31008,LE TEMPLE,44.86581,-0.94,BORDEAUX-MERIGNAC,19.99
FR03004,MARSEILLE PLOMBIERES,43.31543,5.386739,MARIGNANE,19.37
FR10028,Gravelines PC/Drire,50.98106,2.14317,DUNKERQUE,16.05
FR09009,Place du Marche,46.58305,0.344889,POITIERS-BIARD,2.62
FR01063,Serémange-Erzange,49.321335,6.103931,AEROPORT METZ-NANCY-LORRAINE,39.35
FR02019,Vitrolles,43.44603,5.254136,MARIGNANE,3.22
FR29429,RIVE DE GIER,45.533424,4.623939,ST ETIENNE-BOUTHEON,25.75
FR05070,Harfleur Ecole Coty,49.505,0.201694,OCTEVILLE,8.53
FR39002,Lycee Schoelcher,14.603139,-61.07789,LAMENTIN-AERO,8.89
FR23182,SOURCES,47.971146,0.221356,LE MANS,3.47
FR16041,Strasbourg Sud 2,48.5157,7.687819,STRASBOURG-ENTZHEIM,5.13
FR09015,Les Couronneries,46.58696,0.358458,POITIERS-BIARD,3.46
FR19503,Lorient Rue de Belgique,47.75947,-3.380389,LORIENT-LANN BIHOUE,4.15
FR06022,Station SNET,50.36641,3.33942,LILLE-LESQUIN,28.38
FR05504,Le Havre Pasteur,49.5032,0.1301,OCTEVILLE,4.32
FR12001,COLOMIERS,43.620003,1.3475,TOULOUSE-BLAGNAC,2.52
FR03063,TOULON ARSENAL,43.124584,5.924399,HYERES,18.27
FR18043,Faiencerie Creil,49.259552,2.474397,ROISSY,27.52
FR34013,Gambetta,47.90708,1.901139,ORLEANS,13.05
FR04024,GONESSE,48.99083,2.444722,LE BOURGET,2.89
FR03064,LA VALETTE/LA GARDE,43.135902,6.011513,HYERES,11.68
FR34084,St_Pierre_des_Corps,47.38944,0.7225,TOURS,6.13
FR18048,CROUY,49.403618,3.361543,ST QUENTIN,47.46
FR38019,Boulevard Jean Jaurès,-20.8935,55.470806,GILLOT-AEROPORT,6.01
FR25503,Petit-Couronne Laennec- reporting 25503,49.3793,1.0304,ROUEN-BOOS,10.77
FR02033,Martigues  Couronne,43.339893,5.058827,MARIGNANE,16.39
FR34108,Bazoches_CC,48.166058,2.044028,ORLEANS,27.76
FR31003,BORDEAUX-BASTIDE,44.849648,-0.544995,BORDEAUX-MERIGNAC,11.73
FR07011,Aurillac Centre,44.923164,2.436778,AURILLAC,3.78
FR11022,Armentieres Centre,50.68719,2.88004,LILLE-LESQUIN,20.13
FR37001,ST de Baie mahault,16.257307,-61.591724,LE RAIZET AERO,8.08
FR26094,Dijon Ardennes,47.351368,5.070706,DIJON-LONGVIC,9.38
FR05501,Gonfreville Pissotière à Madame,49.4975,0.2531,OCTEVILLE,12.3
FR10034,Grande-synthe,51.02446,2.30215,DUNKERQUE,4.36
FR23229,VIEUX SAINT LOUIS,48.072517,-0.773236,LAVAL-ETRONNIER,5.06
FR37010,BT_PICHON,15.994349,-61.727203,LE RAIZET AERO,37.5
FR04142,Zone Rurale Nord-Est,49.028057,2.750278,ROISSY,15.81
FR20046,VAULX EN VELIN,45.7789,4.9247,LYON-BRON,6.68
FR38098,Sarda Garriga,-21.277075,55.403065,GILLOT-AEROPORT,44.74
FR20048,SAINT EXUPERY,45.7533,5.0722,LYON-ST EXUPERY,3.01
FR34003,Chambord,47.630177,1.569311,BLOIS,27.27
FR31007,BASSENS,44.900295,-0.515835,BORDEAUX-MERIGNAC,15.85
FR25048,Petit Quevilly,49.42815,1.058025,ROUEN-BOOS,9.71
FR38013,Rambaud,-20.885885,55.473427,GILLOT-AEROPORT,5.78
FR12004,Toulouse école m. Jacquier,43.575695,1.418064,TOULOUSE-BLAGNAC,5.95
FR16064,Colmar Sud,48.065414,7.333139,COLMAR-MEYENHEIM,16.19
FR04071,Rue Bonaparte,48.856388,2.335278,PARIS-MONTSOURIS,3.87
FR22017,Volmunster,49.125977,7.381747,STRASBOURG-ENTZHEIM,66.84
FR30031,Nancy-Poincare,48.6931,6.168019,NANCY-ESSEY,3.97
FR39008,Ville de Schoelcher,14.616389,-61.100792,LAMENTIN-AERO,11.55
FR10016,Calais Berthelot,50.94729,1.84308,BOULOGNE-SEM,29.37
FR05072,Sainte Adresse,49.50386,0.084614,OCTEVILLE,3.28
FR02020,Rognac les Brets,43.510803,5.220046,MARIGNANE,8.14
FR03046,LA CIOTAT,43.18659,5.607593,MARIGNANE,42.23
FR20061,VILLEFRANCHE Village,45.986217,4.719637,LYON-BRON,34.4
FR16066,Mulhouse Sud 2,47.737415,7.309075,BALE-MULHOUSE,20.34
FR10004,Malo-les-Bains,51.04858,2.42004,DUNKERQUE,5.69
FR14004,MAIRIE REIMS,49.25861,4.031111,REIMS-PRUNAY,10.52
FR23120,BEAUX ARTS,47.4685,-0.555925,BEAUCOUZE,4.54
FR33720,Ugine_musée,45.7467,6.4208,BOURG ST MAURICE,30.5
FR33101,PASTEUR,45.56472,5.928333,CHAMBERY-AIX,9.38
FR32006,Macon Paul Bert,46.316174,4.839994,MACON,4.26
FR19007,Rennes Les Halles,48.10751,-1.67984,RENNES-ST JACQUES,5.89
FR82004,Besancon Chailluz,47.297306,6.051917,BESANCON,7.18
FR24020,CAGNES LADOUMEGUE,43.658337,7.157846,NICE,4.25
FR18080,TRAF Saint Quent 14,49.84282,3.281439,ST QUENTIN,6.06
FR11025,Lille Fives,50.62805,3.09031,LILLE-LESQUIN,6.47
FR01017,Metz-Sablon,49.09611,6.172778,AEROPORT METZ-NANCY-LORRAINE,13.96
FR09019,Niort Ferry,46.329586,-0.458889,NIORT,4.76
FR26012,Morvan,47.27476,4.099476,AUXERRE-PERRIGNY,73.77
FR19020,Kergoff,48.261963,-2.943631,ST BRIEUC,31.25
FR33232,BOSSONS,45.907223,6.845833,BOURG ST MAURICE,33.37
FR07001,Royat,45.764668,3.047194,CLERMONT-FD,8.3
FR19010,Rennes St-Yves,48.11078,-1.68293,RENNES-ST JACQUES,6.01
FR20069,Lyon Périphérique,45.77482,4.898572,LYON-BRON,7.13
FR12020,Peyrusse Vieille,43.6287,0.179069,AUCH,34.61
FR23150,APPENTIS,47.44734,-0.550101,BEAUCOUZE,5.98
FR20047,COTIERE AIN,45.823223,4.953958,LYON-BRON,11.34
FR01004,Distroff,49.332497,6.271664,AEROPORT METZ-NANCY-LORRAINE,39.32
FR11034,Roubaix Serres,50.706535,3.18066,LILLE-LESQUIN,16.28
FR04135,Boulevard Soult,48.83796,2.408061,PARIS-MONTSOURIS,5.45
FR15045,Grenoble PeriurbSud,45.0578,5.6767,GRENOBLE-ST GEOIRS,44.38
FR26114,Le Gratteris,47.182175,6.139338,BESANCON,13.58
FR34067,St Jean de la Ruelle,47.9103,1.873431,ORLEANS,11.41
FR04329,Bld peripherique Est,48.838615,2.412781,PARIS-MONTSOURIS,5.8
FR34011,Prefecture,47.899445,1.910294,ORLEANS,14.13
FR38014,Ligne Paradis,-21.312895,55.474194,GILLOT-AEROPORT,47.12
FR25047,Gd Quevilly mairie,49.40986,1.053736,ROUEN-BOOS,9.3
FR03088,CARPENTRAS,44.06035,5.067413,CARPENTRAS,2.69
FR04002,GENNEVILLIERS,48.93032,2.29435,LE BOURGET,10.57
FR10007,St Pol/mer Nord,51.03381,2.3352,DUNKERQUE,2.47
FR33220,PASSY,45.92361,6.713611,BOURG ST MAURICE,34.79
FR04060,PARIS 7eme,48.8572,2.2933,PARIS-MONTSOURIS,5.12
FR23178,PARSCAU DU PLESSIS,47.318893,-2.066876,ST NAZAIRE-MONTOIR,6.63
FR23001,AMPERE,47.324257,-2.081429,ST NAZAIRE-MONTOIR,5.63
FR16001,Strasbourg Ouest,48.608818,7.708917,STRASBOURG-ENTZHEIM,8.3
FR30016,Hotel Districal,48.685856,6.175111,NANCY-ESSEY,3.41
FR18054,Hirson site 2,49.920555,4.090556,CHARLEVILLE-MEZ,42.48
FR23252,LA PAIX,48.07104,-0.766993,LAVAL-ETRONNIER,4.74
FR24032,Riviera Française,43.758533,7.478833,NICE,24.89
FR04181,RAMBOUILLET,48.63373,1.830529,TRAPPES,20.43
FR21019,IFS Caen sud,49.15167,-0.352778,CAEN-CARPIQUET,8.15
FR40010,Matiti,5.034602,-52.563793,CAYENNE-MATOURY,32.26
FR10029,Cappelle la Grande,50.99594,2.36627,DUNKERQUE,6.92
FR23251,FRERES GONCOURT,47.23356,-1.564811,NANTES-BOUGUENAIS,9.87
FR21037,Cherbourg port charb,49.64695,-1.59342,GONNEVILLE,9.38
FR24023,CONTES 2,43.78875,7.332382,NICE,18.45
FR33102,CHAMBERY LE HAUT,45.59667,5.918611,CHAMBERY-AIX,5.89
FR04333,ARGENTEUIL Hôtel de Ville,48.948124,2.248817,LE BOURGET,13.23
FR05088,Fécamp,49.749943,0.415019,OCTEVILLE,33.53
FR08018,Montpellier St Gely,43.6926,3.80021,MONTPELLIER-AEROPORT,18.51
FR07049,MOULINS,46.56187,3.331089,VICHY-CHARMEIL,44.25
